category,name,url
Prenotazione biglietti,Museo del Prado — biglietti,https://entradas.museodelprado.es/
Prenotazione biglietti,Museo del Prado — pianifica la visita,https://www.museodelprado.es/en/visit/plan-your-visit
Prenotazione biglietti,Museo Reina Sofía — biglietti,https://entradas.museoreinasofia.es/en
Prenotazione biglietti,Museo Reina Sofía — orari,https://www.museoreinasofia.es/en/visit/opening-times/
Prenotazione biglietti,Museo Reina Sofía — sede principale,https://www.museoreinasofia.es/en/visit/main-site/
Prenotazione biglietti,Museo Reina Sofía — FAQ,https://www.museoreinasofia.es/en/visit/services/faq
Prenotazione biglietti,Palacio Real — biglietti Patrimonio Nacional,https://tickets.patrimonionacional.es
Prenotazione biglietti,Café Ziryab — prenotazione flamenco,https://cafeziryab.com/
Trasporti,Metro Madrid — Línea 8 (aeroporto),https://www.metromadrid.es/en/linea/linea-8
Trasporti,Metro Madrid — prezzi e sconti 2026,https://www.metromadrid.es/en/press-release/2025-12-29/the-community-of-madrid-extends-the-discounts-and-maintains-public-transport-prices-until-2026
Trasporti,esmadrid.com — muoversi in metro,https://www.esmadrid.com/en/getting-around-madrid-metro
Trasporti,Prezzi trasporti Madrid,https://www.introducingmadrid.com/transport-prices
Trasporti,Guida trasporti Madrid (The Making of Madrid),https://www.themakingofmadrid.com/2025/07/07/madrid-transportation-guide/
Trasporti,Da Barajas al centro (Madrid Tourist Guide),https://www.madrid-tourist-guide.com/en/airport/madrid-airport-transport.html
Trasporti,Da Barajas al centro (Luggit),https://luggit.app/blog/how-to-go-from-madrid-barajas-airport-to-the-city-center
Trasporti,Da Barajas al centro (Inhispania),https://inhispania.com/how-get-from-madrid-airport-city-centre/
Trasporti,Metro all'aeroporto di Barajas,https://www.aeropuertomadrid-barajas.com/transportation/madrid-airport-bymetro.htm
Trasporti,Come funziona il metro (Madrid University),https://www.madrid-university.es/Madrid-metro-public-transportation.html
Attrazioni principali,Palacio Real — info visita (VisitSpain),https://www.visitspain.info/en/central-spain/madrid/things-to-do-in-madrid/royal-palace/
Attrazioni principali,Palacio Real — orari (Headout),https://www.headout.com/blog/royal-palace-of-madrid-opening-hours/
Attrazioni principali,Palacio Real — biglietti (Trip.com),https://us.trip.com/travel-guide/attraction/madrid/royal-palace-of-madrid-78738/
Attrazioni principali,Prado — guida biglietti 2025,https://www.machupicchu.org/prado-museum-tickets-2025-complete-booking-guide.htm
Attrazioni principali,Reina Sofía — biglietti (Tiqets),https://www.tiqets.com/en/museo-reina-sofia-tickets-l145511/
Attrazioni principali,Templo de Debod (Madrid Tourist),https://www.madrid-tourist.com/madrid-attractions/Temple-Debod-Madrid.html
Attrazioni principali,Templo de Debod (Madrid Tourist Guide),https://www.madridtourist.info/debod_temple
Attrazioni principali,Templo de Debod (Time Out),https://www.timeout.com/madrid/things-to-do/templo-de-debod
Attrazioni principali,Templo de Debod (ExcursionMania),https://excursionmania.com/ttd/2257/temple-of-debod-blg-2257
Attrazioni principali,Templo de Debod (esmadrid.com),https://www.esmadrid.com/en/tourist-information/temple-debod
Attrazioni principali,Parco del Retiro (esmadrid.com),https://www.esmadrid.com/en/tourist-information/parque-del-retiro
Attrazioni principali,Parco del Retiro (Madrid pour Vous),https://madridpourvous.com/en/retiro-park/
Attrazioni principali,Palacio de Cristal nel Retiro,https://madridtraveling.com/what-to-do/crystal-palace-el-retiro/
Attrazioni principali,Cose da fare a Madrid marzo 2026 (GoComGo),https://gocomgo.com/things-to-do-in-madrid/march-2026/city
Attrazioni principali,Madrid Travel Guide 2026,https://www.machupicchu.org/madrid-travel-guide-2026-ultimate-planning-resource.htm
El Rastro,Guida El Rastro (Devour Tours),https://devourtours.com/blog/el-rastro-tips/
El Rastro,El Rastro (The Making of Madrid),https://www.themakingofmadrid.com/2026/01/06/a-guide-to-el-rastro-madrids-legendary-flea-market/
El Rastro,El Rastro (Chic & Basic),https://www.chicandbasic.com/en/cooltura/el-rastro-madrid/
El Rastro,El Rastro (Airial Travel),https://airial.travel/attractions/spain/madrid/el-rastro-flea-market-madrid-8QxidPAa
El Rastro,El Rastro (UMusic Hotels),https://www.umusic-hotels.com/umusic-hotel-madrid/happenings/el-rastro-madrid
Ristoranti tapas e mercati,Migliori ristoranti Madrid 2026,https://whattodoinmadrid.com/best-restaurants-madrid/
Ristoranti tapas e mercati,Pranzo a Madrid — guida (Devour Tours),https://devourtours.com/blog/lunch-madrid/
Ristoranti tapas e mercati,Guida tapas Cava Baja (Spain Revealed),https://www.spainrevealed.com/blog/best-tapas-bars-cava-baja
Ristoranti tapas e mercati,Tapas su Cava Baja (Emily's Travel Guides),https://emilystravelguides.com/tapas-street-madrid-calle-cava-baja/
Ristoranti tapas e mercati,Cava Baja guida (Culture Craving Couple),https://culturecravingcouple.com/calle-cava-baja-madrid/
Ristoranti tapas e mercati,Migliori tapas Madrid (Lonely Planet),https://www.lonelyplanet.com/articles/best-places-for-tapas-in-madrid
Ristoranti tapas e mercati,La Latina guida (Travelmag),https://www.travelmag.com/articles/la-latina-madrid/
Ristoranti tapas e mercati,Mercado de San Fernando (Yelp),https://www.yelp.com/biz/mercado-de-san-fernando-madrid
Ristoranti tapas e mercati,Migliori churros Madrid,https://postcardsfromtheworld.com/best-churros-in-madrid/
Ristoranti tapas e mercati,Ristoranti Chueca (Elle),https://www.elle.com/es/gourmet/donde-comer/a27176845/restaurantes-chueca/
Bar rooftop e vita notturna,Migliori bar Madrid (Eating Europe),https://www.eatingeurope.com/blog/best-bars-madrid/
Bar rooftop e vita notturna,Bodega de la Ardosa (esmadrid.com),https://www.esmadrid.com/en/restaurants/bodega-ardosa
Bar rooftop e vita notturna,Bodega de la Ardosa (Airial Travel),https://www.airial.travel/restaurants/spain/madrid/bodega-de-la-ardosa-0xZtAXYJ
Bar rooftop e vita notturna,Bodega de la Ardosa (Ministry of Foodies),https://ministryoffoodies.com/bodegadelaardosa/
Bar rooftop e vita notturna,Salmón Guru — World's 50 Best Bars,https://www.theworlds50best.com/bars/the-list/salmon-guru.html
Bar rooftop e vita notturna,Salmón Guru (esmadrid.com),https://www.esmadrid.com/en/nightlife/salmon-guru
Bar rooftop e vita notturna,Salmón Guru (Tripadvisor),https://www.tripadvisor.com/Restaurant_Review-g187514-d10731641-Reviews-Salmon_Guru-Madrid.html
Bar rooftop e vita notturna,Azotea del Círculo (The Rooftop Guide),https://www.therooftopguide.com/rooftop-bars-in-madrid/azotea-del-circulo.html
Bar rooftop e vita notturna,Migliori rooftop Madrid (Tipsy Tours),https://thetipsytours.com/blogs/news/best-rooftop-bars-in-madrid/
Bar rooftop e vita notturna,Rooftop Círculo de Bellas Artes (TikTok),https://www.tiktok.com/@europewithemily/video/7436120375970237728
Bar rooftop e vita notturna,Guida vita notturna Madrid (Tipsy Tours),https://thetipsytours.com/blogs/news/madrid-nightlife-ultimate-guide/
Bar rooftop e vita notturna,Guida vita notturna Madrid (12AM),https://12amnightlife.com/the-ultimate-madrid-nightlife-guide-party-like-a-local-in-2025/
Flamenco,Café Ziryab — sito ufficiale,https://cafeziryab.com/
Flamenco,Café Ziryab (GetYourGuide),https://www.getyourguide.com/cafe-ziryab-tablao-flamenco-s19165/
Flamenco,Café Ziryab (Flamencotickets),https://flamencotickets.com/cafe-ziryab-madrid
Flamenco,Café Ziryab (Flamenco.one),https://flamenco.one/en/flamenco-in-madrid/cafe-ziryab/
Flamenco,6 flamenco bar a Madrid (The Flamenco Guide),https://theflamencoguide.com/six-flamenco-bars-in-madrid/
Flamenco,Migliori spettacoli flamenco Madrid (MUD),https://www.madriduniquedestination.com/en/blog/best-flamenco-shows-in-madrid
Flamenco,Flamenco a Madrid (EspañaGuide),https://www.espanaguide.com/madrid/flamenco-madrid/
Flamenco,Círculo Flamenco de Madrid,https://www.circuloflamencodemadrid.com/
Quartieri e guide generali,Quartieri di Madrid (Naked Madrid),https://www.nakedmadrid.com/madrid-neighborhoods/
Quartieri e guide generali,Quartieri di Madrid (Introducing Madrid),https://www.introducingmadrid.com/neighborhoods
Quartieri e guide generali,Guida Lavapiés (The World Was Here First),https://www.theworldwasherefirst.com/lavapies-madrid/
Quartieri e guide generali,La Latina guida (Ukio),https://ukio.com/travel-guide/madrid/city-and-neighborhoods/la-latina-neighborhood
Meteo a marzo,Meteo Madrid marzo (Thomas Cook),https://www.thomascook.com/holidays/weather/spain/madrid/march/
Meteo a marzo,Meteo Madrid marzo (Waourentals),https://www.waourentals.com/blog/en/madrid-in-march/
Meteo a marzo,Meteo Madrid marzo (Wanderlog),https://wanderlog.com/weather/9621/3/madrid-weather-in-march
Meteo a marzo,Cosa portare a Madrid (Madrid University),https://www.madrid-university.es/Madrid-Weather.html
Connettività e info pratiche,Migliori SIM/eSIM per Spagna 2025,https://tryspain.com/best-sim-card-for-traveling-in-spain-2025-top-prepaid-esim-options-compared/
Connettività e info pratiche,Eventi e festival Madrid 2026 (TUI Musement),https://blog.tuimusement.com/uk/madrid-events-festivals-and-celebrations/
